UserId,email,,,,,,,
1,sakshi@gmail.com,,,,,,,
2,sonam@gmail.com,,,,,,,
3,binod@gmail.com,,,,,,,
4,roy@gmail.com,,,,,,,
5,priya@gmail.com,,,,,,,
6,rahul@rahul.com,,,,,,,
7,chandan@gmail.com,,,,,,,
8,ankur@gmail.com,,,,,,,
9,prerna@gmail.com,,,,,,,
10,ashwani@gmail.com,,,,,,,
11,aditya@gmail.com,,,,,,,
12,anjali@gmail.com,,,,,,,
13,vishwas@gmail.com,,,,,,,
14,1235@gmail.com,,,,,,,
15,pratishthasingh2405@gmail.com,,,,,,,
,,,,,,,,
,,,,,,,,
,,,,,,,,
,,,,,,,,
,,,,,,,,
,,,,,,,,
,,,,,,,,
,,,,,,,,
,,,,,,,,
,,,,,,,,
,,,,,,,,
,,,,,,,,
,,,,,,,,
,,,,,,,,
,,,,,,,,
,,,,,,,,
,,,,,,,,
,,,,,,,,
,,,,,,,,
,,,,,,,,
,,,,,,,,
,,,,,,,,
,,,,,,,,
,,,,,,,,
,,,,,,,,
,,,,,,,,
,,,,,,,,
,,,,,,,,
,,,,,,,,
,,,,,,,,
,,,,,,,,
,,,,,,,,
,,,,,,,,
,,,,,,,,
,,,,,,,,
,,,,,,,,
,,,,,,,,
,,,,,,,,
,,,,,,,,
,,,,,,,,
,,,,,,,,
,,,,,,,,
,,,,,,,,
,,,,,,,,
,,,,,,,,
,,,,,,,,
,,,,,,,,
,,,,,,,,
,,,,,,,,
,,,,,,,,
,,,,,,,,
,,,,,,,,
,,,,,,,,
,,,,,,,,
,,,,,,,,
,,,,,,,,
,,,,,,,,
,,,,,,,,
,,,,,,,,
,,,,,,,,
,,,,,,,,
,,,,,,,,
,,,,,,,,
,,,,,,,,
,,,,,,,,
,,,,,,,,
,,,,,,,,
,,,,,,,,
,,,,,,,,
,,,,,,,,
,,,,,,,,
,,,,,,,,
,,,,,,,,
,,,,,,,,
,,,,,,,,
,,,,,,,,
,,,,,,,,
,,,,,,,,
,,,,,,,,
,,,,,,,,
,,,,,,,,
,,,,,,,,
,,,,,,,,
,,,,,,,,
,,,,,,,,
,,,,,,,-,
,,,,,,,,-
,,,,,,,,-
,,,,,,,,-
,,,,,,,,-